{
    "materials": [{
        "colorDiffuse": [0.64,0.64,0.64],
        "wireframe": false,
        "depthTest": true,
        "opacity": 1,
        "depthWrite": true,
        "transparent": false,
        "shading": "phong",
        "visible": true,
        "DbgColor": 15658734,
        "DbgName": "Building",
        "colorEmissive": [0,0,0],
        "specularCoef": 50,
        "blending": "NormalBlending",
        "DbgIndex": 0,
        "colorAmbient": [0.64,0.64,0.64],
        "colorSpecular": [0.5,0.5,0.5]
    },{
        "colorDiffuse": [0.64,0.64,0.64],
        "wireframe": false,
        "depthTest": true,
        "opacity": 1,
        "depthWrite": true,
        "transparent": false,
        "shading": "phong",
        "visible": true,
        "DbgColor": 15597568,
        "DbgName": "Rooftop",
        "colorEmissive": [0,0,0],
        "specularCoef": 50,
        "blending": "NormalBlending",
        "DbgIndex": 1,
        "colorAmbient": [0.64,0.64,0.64],
        "colorSpecular": [0.5,0.5,0.5]
    }],
    "skinWeights": [],
    "skinIndices": [],
    "faces": [43,7,8,5,2,0,0,1,2,3,0,1,2,3,43,0,3,4,1,0,4,4,4,4,4,5,6,7,42,2,0,1,0,4,4,4,3,4,7,42,1,6,7,0,4,4,4,7,8,0,42,1,7,2,0,4,4,4,7,0,3,42,4,3,5,1,4,4,4,6,5,2,42,5,8,9,1,4,4,4,2,1,9,42,5,9,4,1,4,4,4,2,9,6,43,3,0,2,5,0,4,4,4,4,5,4,3,2,43,6,9,8,7,0,5,6,7,8,8,9,1,0,43,1,4,9,6,0,9,10,11,12,7,6,9,8],
    "uvs": [[1.00097,4.8e-05,1.00097,0.999952,0.000395,0.999952,0.000395,4.8e-05,0,0,0.412101,3.7e-05,0.4121,0.999963,3.7e-05,0.999963,3.7e-05,3.7e-05,1.00132,4.8e-05,1.00132,0.999952,4.8e-05,0.999952,4.8e-05,4.8e-05]],
    "vertices": [0.000132,-2.86068,-1.41421,1.41421,-2.86068,0.000132,-1.41421,-2.86068,-0.000132,0.000133,3.16718,-1.41421,1.41421,3.16718,0.000133,-1.41421,3.16718,-0.000132,0.414771,-2.86068,0.999388,-0.414957,-2.86068,0.999311,-0.414958,3.16718,0.99931,0.414771,3.16718,0.999388],
    "name": "CubeGeometry.6",
    "metadata": {
        "materials": 2,
        "type": "Geometry",
        "version": 3,
        "normals": 10,
        "faces": 11,
        "vertices": 10,
        "uvs": 1,
        "generator": "io_three"
    },
    "normals": [-0.297159,-0.630238,0.717246,-0.297159,0.630238,0.717246,-0.816492,0.577349,-6.1e-05,-0.816492,-0.577349,-6.1e-05,6.1e-05,-0.577349,-0.816492,6.1e-05,0.577349,-0.816492,0.816492,0.577349,6.1e-05,0.816492,-0.577349,6.1e-05,0.297037,-0.630238,0.717307,0.297037,0.630238,0.717307],
    "influencesPerVertex": 2
}